id,lang,source_text,target_text
1,en-ga,EN 1 EN,GA 1 GA
2,en-ga,Conclusion,Conclúid
3,en-ga,3.1 General comments,3.1 Tráchtanna ginearálta
4,en-ga,(Text with EEA relevance),(Téacs atá ábhartha maidir le LEE)
5,en-ga,Date of transmission of the amended proposal: [*].,An dáta a tíolacadh an togra leasaithe: [*].
6,en-ga,"* Taking into account the developments in the informal discussions between the Council and the European Parliament following the European Parliament's first reading, the Commission did not prepare an amended proposal but expressed its views on the Parliament's amendments in the ""Communication de la Commission sur les suites données aux avis et résolutions adoptés par le Parlement européen lors des sessions d'avril I et II 2014"" (document SP(2014) 471 of 9 July 2014).","avis et résolutions adoptés par le Parlement européen lors des sessions d'avril I et II 2014"""
7,en-ga,Date of transmission of the proposal to the European Parliament and to the Council (document COM(2013) 260 final - 2013/0136 COD): 6 May 2013.,An dáta a tíolacadh an togra chuig Parlaimint na hEorpa agus chuig an gComhairle (doiciméad COM(2013) 260 final - 2013/0136 COD): 6 Bealtaine 2013.
8,en-ga,"The Union has a well-developed acquis regarding animal welfare covering different species (broilers, laying hens, pigs, calves) or activities (farming, transport, slaughter, research, etc.).","Tá acquis deafhorbartha ag an Aontas maidir le leas ainmhithe a chlúdaíonn speicis éagsúla (sicíní grísce, cearca atá ag breith, muca, laonna) nó gníomhaíochtaí (feirmeoireacht, iompar, marú, taighde, etc."
9,en-ga,TOTAL 25 25 15 10,IOMLÁN 25 25 15 10
10,en-ga,DG: ECHO Year,AS: ECHO Year
11,en-ga,under HEADINGS 1 to 5,faoi CHEANNTEIDIL 1 go 5
12,en-ga,Transportation of equipment 1 80 80 20 20 100 100,Trealamh a iompar 1 80 80 20 20 100 100
13,en-ga,"XX 01 02 01 (AC, END, INT from the ‘global envelope') 15 15 10 5","XX 01 02 01 (AC, END, INT ón ""imchlúdach iomlánaíoch"") 15 15 10 5"
14,en-ga,2021 Year 2022 Year 2013,2021 Bliain 2022 Bliain 2013
15,en-ga,OUTPUTS,Achoimre
16,en-ga,"18 07 01 Commitments (1) 2 646,000 - - - 2 646,000","18 07 01 Gealltanais (1) 2 646,000 - - - 2 646,000"
17,en-ga,[8: As referred to in Article 54(2)(a) or (b) of the Financial Regulation.],[8: Mar a thagraítear dó in Airteagal 54(2)(a) nó (b) den Rialachán Airgeadais.]
18,en-ga,"for DG ECHO Commitments =1+1a +3 2 700,000 - - - 2 700,000","Le haghaidh AS ECHO Gealltanais =1+1a +3 2 700,000 - - - 2 700,000"
19,en-ga,"of an administrative nature 54,000 - - - 54,000","de chineál riaracháin 54,000 - - - 54,000"
20,en-ga,"Flying medical teams 0,04 800 32 200 8 1 000 40","Foirne leighis aeir 0,04 800 32 200 8 1 000 40"
21,en-ga,EN 11 EN,GA 12 GA
22,en-ga,TOTALS 442 898 2 116 110 724 529 553 622 2 645,IOMLÁN 442 898 2 116 110 724 529 553 622 2 645
23,en-ga,Appropriations in EUR million (to three decimal places),Leithreasuithe in EUR milliúin (go dtí an tríú deachúil)
24,en-ga,"Medical supplies (ventilators) 0,018 14 000 252 3 500 63 17 500 315","Soláthairtí leighis (aerálaithe) 0,018 14 000 252 3 500 63 17 500 315"
25,en-ga,"Payments 1 382,700 792,700 266,550 266,150 2 708,100","Íocaíochtaí 1 382,700 792,700 266,550 266,150 2 708,100"
26,en-ga,EUR million (to three decimal places),EUR milliúin (go dtí an tríú deachúil)
27,en-ga,"XX 01 05 02/12/22 (AC, END, INT - Indirect research)","XX 01 05 02/12/22 (AC, END, INT - Taighde indíreach)"
28,en-ga,"[6: Regulation (EU, Euratom) 2018/1046 of the European Parliament and of the Council of 18 July 2018 on the financial rules applicable to the general budget of the Union, amending Regulations (EU) No 1296/2013, (EU) No 1301/2013, (EU) No 1303/2013, (EU) No 1304/2013, (EU) No 1309/2013, (EU) No 1316/2013, (EU) No 223/2014, (EU) No 283/2014, and Decision No 541/2014/EU and repealing Regulation (EU, Euratom) No 966/2012 (OJ L 193, 30.7.2018, p.","[6: Rialachán (AE, Euratom) Uimh. 2018/1046 ó Pharlaimint na hEorpa agus ón gComhairle an 18 Iúil 2018 maidir leis na rialacha airgeadais is infheidhme maidir le buiséad ginearálta an Aontais, agus lena leasaítear Rialacháin (AE) Uimh. 1296/2013, (AE) Uimh. 1301/2013, (AE) Uimh. 1303/2013, (AE) Uimh. 1304/2013, (AE) Uimh. 1309/2013, (AE) Uimh. 1316/2013, (AE) Uimh. 223/2014, (AE) Uimh. 283/2014, agus Cinneadh Uimh. 541/2014/AE agus lena naisghairtear Rialachán (AE, Euratom) Uimh. 966/2012 (IO L 193, 30.7."
29,en-ga,"10 01 05 02/12 (AC, END, INT - Direct research)","10 01 05 02/12 (AC, END, INT - Taighde díreach)"
30,en-ga,"[5: Regulation (EU, Euratom) 2018/1046 of the European Parliament and of the Council of 18 July 2018 on the financial rules applicable to the general budget of the Union, amending Regulations (EU) No 1296/2013, (EU) No 1301/2013, (EU) No 1303/2013, (EU) No 1304/2013, (EU) No 1309/2013, (EU) No 1316/2013, (EU) No 223/2014, (EU) No 283/2014, and Decision No 541/2014/EU and repealing Regulation (EU, Euratom) No 966/2012 (OJ L 193, 30.7.2018, p.","[5: Rialachán (AE, Euratom) Uimh. 2018/1046 ó Pharlaimint na hEorpa agus ón gComhairle an 18 Iúil 2018 maidir leis na rialacha airgeadais is infheidhme maidir le buiséad ginearálta an Aontais, agus lena leasaítear Rialacháin (AE) Uimh. 1296/2013, (AE) Uimh. 1301/2013, (AE) Uimh. 1303/2013, (AE) Uimh. 1304/2013, (AE) Uimh. 1309/2013, (AE) Uimh. 1316/2013, (AE) Uimh. 223/2014, (AE) Uimh. 283/2014, agus Cinneadh Uimh. 541/2014/AE agus lena naisghairtear Rialachán (AE, Euratom) Uimh. 966/2012 (IO L 193, 30.7."
31,en-ga,SPECIFIC OBJECTIVE:[14: As described in point 1.4.2.,CUSPÓIR SONRACH:[14: Mar a thuairiscítear i bpointe 1.4.2.
32,en-ga,"Temporary hospitals and medical teams 10 9,6 96 2,4 24 12 120","Ospidéil shealadacha agus foirne leighis 10 9,6 96 2,4 24 12 120"
33,en-ga,"""ANNEX 1",Airteagal 1
34,en-ga,"TOTAL 56,700 2,700 1,550 1,150 62,100","IOMLÁN 56,700 2,700 1,550 1,150 62,100"
35,en-ga,X public law bodies;,X comhlachtaí dlí phoiblí;
36,en-ga,Specialised hospitals for COVID 100 8 800 2 200 10 1 000,Sainoispidéil le haghaidh COVID 100 8 800 2 200 10 1 000
37,en-ga,EN 0 EN,GA 0 GA
38,en-ga,"XX 01 02 02 (AC, AL, END, INT and JPD in the delegations)","XX 01 02 02 (AC, AL, END, INT agus JPD sna toscaireachtaí)"
39,en-ga,[7: ABM: activity-based management; ABB: activity-based budgeting.],[7: ABM: bainistiú de réir gníomhaíochtaí; ABB: Buiséadú de réir gníomhaíochtaí.]
40,en-ga,XX 01 05 01/11/21 (Indirect research),XX 01 05 01/11/21 (Taighde indíreach)
41,en-ga,"[4: Decision No 1313/2013/EU of the European Parliament and of the Council of 17 December 2013 on a Union Civil Protection Mechanism (OJ L 347, 20.12.2013, p.","[4: Cinneadh Uimh. 1313/2013/AE ó Pharlaimint na hEorpa agus ón gComhairle an 17 Nollaig 2013 maidir leis an Sásra Aontais um Chosaint Shibhialta (IO L 347, 20.12.2013, lch."
42,en-ga,External staff (in Full Time Equivalent unit: FTE)[16: AC= Contract Staff; AL = Local Staff; END= Seconded National Expert; INT = agency staff; JPD= Junior Professionals in Delegations. ],Foireann sheachtrach ((in aonad de Choibhéis Lánaimseartha: FTE)[16: AC = Ball foirne ar conradh; AL = Ball foirne áitiúil; END = Saineolaí náisiúnta ar iasacht; INT= Ball foirne gníomhaireachta; JPD = Saineolaithe sóisearacha i dtoscaireachtaí.
43,en-ga,[9: Details of management modes and references to the Financial Regulation may be found on the BudgWeb site: http://www.cc.cec/budg/man/budgmanag/budgmanag_en.html],[9: Is féidir teacht ar mhionsonraí ar na modhanna bainistíochta agus ar thagairtí don Rialachán Airgeadais ar shuíomh gréasáin ArdStiúrthóireacht an Bhuiséid: http://www.cc.cec/budg/man/budgmanag/budgmanag_ga.html]
44,en-ga,XX 01 01 02 (Delegations),XX 01 01 02 (Toscaireachtaí)
45,en-ga,on miscellaneous revenue,Na rioscaí a aithníodh
46,en-ga,"Medical supplies (other) 0,002 428 000 856 107 000 214 535 000 1 070","Soláthairtí leighis (eile) 0,002 428 000 856 107 000 214 535 000 1 070"
47,en-ga,"Payments =2+2a +3 1 380,000 790,000 265,000 265,000 2 700,000","Íocaíochtaí =2+2a +3 1 380,000 790,000 265,000 265,000 2 700,000"
48,en-ga,Specific objective(s) and ABM/ABB activity(ies) concerned,Réimse/réimsí beartais lena mbaineann i gcreat ABM/ABB
49,en-ga,"of the multiannual financial framework Commitments =4+ 6 2 700,000 - - - 2 700,000","den chreat airgeadais ilbhliantúil Gealltanais =4+ 6 2 700,000 - - - 2 700,000"
50,en-ga,10 01 05 01/11 (Direct research),10 01 05 01/11 (Taighde díreach)
51,en-ga,Payments =5+ 6 0 0,Íocaíochtaí =5+ 6 0 0
52,en-ga,for DG EMPL Commitments =1+1a +3,do AS EMPL Gealltanais =1+1a +3
53,en-ga,Article ………….,Airteagal ………….
54,en-ga,Payments (5),Íocaíochtaí (5)
55,en-ga,DG: <…….>,Ard-Stiúrthóireacht: <…….>
56,en-ga,N+2 Year,N+2 Bliain
57,en-ga,2020 2021 2022 2023 2024 TOTAL,2020 2021 2022 2023 2024 IOMLÁN
58,en-ga,"[1: OJ C , , p.","[1: IO C , , lch. .]"
59,en-ga,"[2: OJ C , , p.","[2: IO C , , lch. .]"
60,en-ga,DG: EMPL 2020 2021 2022 2023 2024 TOTAL,Ard-Stiúrthóireacht: EMPL 2020 2021 2022 2023 2024 IOMLÁN
61,en-ga,N+1 Year,N+1 Bliain
62,en-ga,SPECIFIC OBJECTIVE No 1…[12: As described in point 1.4.2.,..[12: Mar a thuairiscítear i bpointe 1.4.2.
63,en-ga,Article 26c,Airteagal 26c
64,en-ga,"""(c) the administrative, preparation, transport and storage costs borne by the partner organisations at a flat-rate of 5 % of the costs referred to in point (a); or 5 % of the value of the food products disposed of in accordance with Article 16 of Regulation (EU) No 1308/2013;""","""(c) na costais riaracháin, iompair agus stórála a iompróidh na heagraíochtaí comhpháirtíochta ag ráta comhréidh 5 % de na costais dá dtagraítear i bpointe (a); nó 5 % de luach na dtáirgí bia arna ndiúscairt i gcomhréir le hAirteagal 16 de Rialachán (AE) Uimh. 1308/2013;"""
65,en-ga,(Reference amount) Commitments =4+ 6,(Méid tagartha) Gealltanais =4+ 6
66,en-ga,"[3: Regulation (EU) No 223/2014 of the European Parliament and of the Council of 11 March 2014 on the Fund for European Aid to the Most Deprived (OJ L 72, 12.03.2014, p.","[3: Rialachán (AE) Uimh. 223/2014 ó Pharlaimint na hEorpa agus ón gComhairle an 11 Márta 2014 maidir leis an gCiste um Chabhair Eorpach do na Daoine is Díothaí (IO L 72, 12.03.2014, lch. 1)."
67,en-ga,Article 26b,Airteagal 26b
68,en-ga,"""Article 26a","""Airteagal 26a"
69,en-ga,[5: As referred to in Article 54(2)(a) or (b) of the Financial Regulation.],[5: Mar a thagraítear dó in Airteagal 54(2)(a) nó (b) den Rialachán Airgeadais.]
70,en-ga,under HEADINGS 1 to 4,faoi CHEANNTEIDIL 1 go 4
71,en-ga,[6: Details of management modes and references to the Financial Regulation may be found on the BudgWeb site: http://www.cc.cec/budg/man/budgmanag/budgmanag_en.html],[6: Is féidir mionsonraí ar na modhanna bainistíochta agus tagairtí don Rialachán Airgeadais a fheiceáil ar shuíomh gréasáin Ard-Stiúrthóireacht an Bhuiséid: http://www.cc.cec/budg/man/budgmanag/budgmanag_en.html]
72,en-ga,EN 8 EN,GA 20 GA
73,en-ga,Proposal/initiative in effect from 01/07/2020 to 30/06/2021,Togra/tionscnamh a bheidh i bhfeidhm ón 01/07/2020 go dtí an 30/06/2021
74,en-ga,HEADING 5,CEANNTEIDEAL 5
75,en-ga,External staff (in Full Time Equivalent unit: FTE)[15: AC= Contract Staff; AL = Local Staff; END= Seconded National Expert; INT = agency staff; JED= Junior Experts in Delegations. ],Foireann sheachtrach (i gcoibhéis lánaimseartha: FTE)[15: AC = Ball foirne ar conradh; AL = Ball foirne áitiúil; END = Saineolaí náisiúnta ar iasacht; INT= Ball foirne gníomhaireachta; JED = Saineolaithe sóisearacha i dtoscaireachtaí.
76,en-ga,[4: ABM: activity-based management; ABB: activity-based budgeting.],[4: ABM: bainistíocht de réir gníomhaíochtaí; ABB: Buiséadú de réir gníomhaíochtaí.]
77,en-ga,[Heading………………………...……………] Diff./Non-diff.[7: Diff. = Differentiated appropriations / Non-diff. = Non-differentiated appropriations.],[Ceannteideal………………………………………] LD/LN.
78,en-ga,XX 01 05 01 (Indirect research),XX 01 05 01 (Taighde indíreach)
79,en-ga,N/A (3),Neamhbhainteach (3)
80,en-ga,- Output,- Aschur
81,en-ga,on miscellaneous revenue,COSTAS IOMLÁN
82,en-ga,"10 01 05 02 (AC, END, INT - Direct research)","10 01 05 02 (AC, END, INT - Taighde díreach)"
83,en-ga,"(7) The following Articles 26a, 26b and 26c are inserted:","(7) Cuirtear isteach an tAirteagal 26a, an tAirteagal 26b agus an tAirteagal 26c seo a leanas:"
84,en-ga,N+1 Year N+2 Year N+3 Enter as many years as necessary to show the duration of the impact (see point 1.6),N+1 Bliain N+2 Bliain N+3 Iontráil na blianta ar fad a theastaíonn le fad an tionchair a thaispeáint (féach pointe 1.6)
85,en-ga,"XX 01 02 01 (AC, END, INT from the ‘global envelope')","XX 01 02 01 (AC, END, INT ón ""imchlúdach iomlánaíoch"")"
86,en-ga,[XX.YY.YY.YY] YES/NO YES/NO YES/NO YES/NO,[XX.YY.YY.YY] TÁ/NÍL TÁ/NÍL TÁ/NÍL TÁ/NÍL
87,en-ga,"[3: OJ C , , p.","[3: IO C , , p. .]"
88,en-ga,"[2: OJ C , , p.","[2: IO C , , p. .]"
89,en-ga,Article 12b,Airteagal 12b
90,en-ga,in 2009 in the midst of the global financial crisis (Regulation (EC) No 545/2009).,leasú in 2009 le linn na géarchéime airgeadais domhanda (Rialachán (CE) Uimh. 545/2009).
91,en-ga,‘Article 10a,"""Airteagal 10a"
92,en-ga,EN 8 EN,GA 10 GA
93,en-ga,"[1: Council Regulation (EEC) No 95/93 of 18 January 1993 on common rules for the allocation of slots at Community airports, OJ L 14, 22.1.1993, p. 1]","[1: Rialachán (CEE) Uimh. 95/93 ón gComhairle an 18 Eanáir 1993 maidir le comhrialacha do leithroinnt sliotán in aerfoirt an Chomhphobail, IO L 14, 22.1.1993, lch. 1]"
94,en-ga,in 2002 in the aftermath of the 9/11 terrorist attacks (Regulation (EC) No 894/2002);,leasú in 2002 i ndiaidh ionsaithe sceimhlitheoireachta 9/11 (Rialachán (CE) Uimh. 894/2002);
95,en-ga,‘Article 12a,"""Airteagal 12a"
96,en-ga,in 2003 following the Iraq War and the outbreak of severe acute respiratory syndrome (SARS) (Regulation (EC) No 1554/2003); and,leasú in 2003 tar éis Chogadh na hIaráice agus an ráig de ghéarshiondróm trom riospráide (SARS) (Rialachán (CE) Uimh. 1554/2003); agus
97,en-ga,• Ex-post evaluations/fitness checks of existing legislation,Meastóireachtaí ex post/seiceálacha oiriúnachta ar an reachtaíocht atá ann cheana
98,en-ga,"After 3.3% average annual growth in passenger numbers in Europe between 2009-2019, Eurocontrol has indicated a 10% drop in the number of flights in the first two weeks of March 2020 compared to the same period in 2019.","Tar éis mheánfhás bliantúil 3.3 % ar líon na bpaisinéirí san Eoraip idir 2009-2019, thug Eurocontrol le fios go raibh laghdú 10 % ar líon na neitiltí sa dá sheachtain tosaigh de mhí an Mhárta 2020 i gcomparáid leis an tréimhse chéanna in 2019."
99,en-ga,OTHER ELEMENTS,Comhréireacht
100,en-ga,"However, this Article does not address situations like the outbreak of SARS-CoV-2.",Ní thugtar aghaidh leis an Airteagal sin ar chásanna cosúil leis an ráig de SARS-CoV-2.
101,en-ga,EN EN,GA GA
102,en-ga,"""(j) Article 59 shall apply from [insert date - date of entry into force of this Regulation]';","""(j) beidh feidhm ag Airteagal 59 ón [insert date - date of entry into force of this Regulation]';"
103,en-ga,"""- Article 11(13) of Directive 93/42/EEC and Article 9(9) of Directive 90/385/EEC which are repealed with effect from [insert date - date of entry into force of this Regulation]"";","""- Airteagal 11(13) de Threoir 93/42/CEE agus Airteagal 9(9) de Threoir 90/385/CEE, a leasaítear le feidhm ón [insert date - date of entry into force of this Regulation]"""
104,en-ga,"(3) in Article 34(1), ‘25 March 2020' is replaced by '25 March 2021';","(3) in Airteagal 34(1), cuirtear '25 Márta 2021' in ionad ‘25 March 2020';"
105,en-ga,Legal basis,Comhréireacht
106,en-ga,"[1: Regulation (EU) 2017/745 of the European Parliament and of the Council of 5 April 2017 on medical devices, amending Directive 2001/83/EC, Regulation (EC) No 178/2002 and Regulation (EC) No 1223/2009 and repealing Council Directives 90/385/EEC and 93/42/EEC (OJ L 117, 5.5.2017, p.","[1: Rialachán (AE) 2017/745 ó Pharlaimint na hEorpa agus ón gComhairle an 5 Aibreán 2017 maidir le feistí leighis, agus lena leasaítear Treoir 2001/83/CE, Rialachán (CE) Uimh. 178/2002 agus Rialachán (CE) Uimh. 1223/2009, agus lena naisghairtear Treoracha 90/385/CEE agus 93/42/CEE ón gComhairle (IO L 117, 5.5.2017, lch. 1)."
107,en-ga,(ii) class IIa and class IIb devices from 26 May 2025;,(ii) feistí in aicme IIa agus in aicme IIb ón 26 Bealtaine 2025;
108,en-ga,"(9) in point (h) of point 5.1 of Annex IX,'26 May 2020' is replaced by '26 May 2021'.","(9) i bpointe (h) de phointe 5.1 d'Iarscríbhinn IX, cuirtear ‘26 Bealtaine 2021' in ionad ‘26 Bealtaine 2020'."
109,en-ga,EN 7 EN,GA 8 GA
110,en-ga,"(5) in Article 113, '25 February 2020' is replaced by '25 February 2021';","(5) in Airteagal 113, cuirtear ‘25 Feabhra 2021' in ionad ‘25 Feabhra 2020';"
111,en-ga,"‘(f) Article 27(4) shall apply to class IIa and class IIb devices from 26 May 2023 and to class I devices from 26 May 2025;',","‘(f) beidh feidhm ag Airteagal 27(4) maidir le feistí in aicmí IIa agus IIb ón 26 Bealtaine 2023 agus maidir le feistí in aicme I ón 26 Bealtaine 2025;',"
112,en-ga,"[4: OJ C 91 I, 20.3.2020, p.","[4: IO C 91 I, 20.3.2020, lch."
113,en-ga,"DG: EMPL, REGIO 2020 2021 2022 2023 2024 2025 TOTAL","Ard-Stiúrthóireacht: EMPL, REGIO 2020 2021 2022 2023 2024 2025 IOMLÁN"
114,en-ga,Payments =5+ 6,Íocaíochtaí =5+ 6
115,en-ga,"""CHAPTER V","""CAIBIDIL V"
116,en-ga,"""Article [25a]","""Airteagal [25a]"
117,en-ga,[XX.YY.YY.YY] NO NO NO NO,[XX.YY.YY.YY] NÍL NÍL NÍL NÍL
118,en-ga,"for DG EMPL, REGIO Commitments =1+1a +3 0,000 0,000 0,000 0,000 0,000 0,000 0,000","do AS EMPL, REGIO Gealltanais =1+1a +3 0,000 0,000 0,000 0,000 0,000 0,000 0,000"
119,en-ga,"[3: OJ C , , p.","[3: IO C , , lch. .]"
120,en-ga,[8: ABM: activity-based management; ABB: activity-based budgeting.],[8: ABM: bainistíocht de réir gníomhaíochtaí; ABB: buiséadú de réir gníomhaíochtaí.]
121,en-ga,under HEADING 1b,faoi CHEANNTEIDEAL 1b
122,en-ga,[9: As referred to in Article 54(2)(a) or (b) of the Financial Regulation.],[9: Mar a thagraítear dó in Airteagal 54(2)(a) nó (b) den Rialachán Airgeadais.]
123,en-ga,[10: Details of management modes and references to the Financial Regulation may be found on the BudgWeb site: http://www.cc.cec/budg/man/budgmanag/budgmanag_en.html],[10: Is féidir mionsonraí ar na modhanna bainistíochta agus tagairtí don Rialachán Airgeadais a fheiceáil ar shuíomh gréasáin Ard-Stiúrthóireacht an Bhuiséid: http://www.cc.cec/budg/man/budgmanag/budgmanag_en.html]
124,en-ga,[Heading………………………...……………] Diff./Non-diff.[11: Diff. = Differentiated appropriations / Non-diff. = Non-differentiated appropriations.],[Ceannteideal………………………...……………] LD/LN.[11: LD = Leithreasuithe difreáilte / LN = Leithreasuithe neamhdhifreáilte.] ó thíortha de chuid CSTE[12: CSTE: Comhlachas Saorthrádála na hEorpa.
125,en-ga,External staff (in Full Time Equivalent unit: FTE)[20: AC= Contract Staff; AL = Local Staff; END= Seconded National Expert; INT = agency staff; JED= Junior Experts in Delegations. ],Foireann sheachtrach (i gcoibhéis lánaimseartha: FTE)[20: AC = Ball foirne ar conradh; AL = Ball foirne áitiúil; END = Saineolaí náisiúnta ar iasacht; INT= Ball foirne gníomhaireachta; JED = Saineolaithe sóisearacha i dtoscaireachtaí.
126,en-ga,Proposal/initiative in effect from 1/7/2020 to 30/6/2021,Togra/tionscnamh a bheidh i bhfeidhm ón 1/7/2020 go dtí an 30/6/2021
127,en-ga,EN 21 EN,GA 23 GA
128,en-ga,Financial impact in 2020 - 2025,Tionchar airgeadais ó 2020 go 2025
129,en-ga,SPECIFIC OBJECTIVE No 1…[17: As described in point 1.4.2.,CUSPÓIR SONRACH Uimh. 1…[17: Mar a thuairiscítear i bpointe 1.4.2.
130,en-ga,Such eligible expenditure shall not exceed EUR 200 000.,Ní bheidh an caiteachas incháilithe sin níos mó ná EUR 200 000.
131,en-ga,Regional policy; 13 06 01.,Beartas réigiúnach; 13 06 01.
132,en-ga,"[3: OJ L 311, 14.11.2002, p.","[3: IO L 311, 14.11.2002, lch. 3.]"
133,en-ga,[4: SWD(2019) 187.],[4: Doiciméad inmheánach oibre (2019)187.]
134,en-ga,The ceiling of the maximum allocation of the EUSF for 2020 totalling is respected (EUR 597.546 million plus EUR 552.978 carried forward from 2019).,Urramaítear uasteorainn leithdháilte uasta CDAE le haghaidh 2020 (EUR 597.546 milliún móide EUR 552.978 milliún arna thabhairt ar aghaidh ó 2019).
135,en-ga,2020 Year,2020 Bliain
136,en-ga,Commitments =1a+1b +3,Gealltanais =1a+1b +3
137,en-ga,Payments (2a),Íocaíochtaí (2a)
138,en-ga,Payments =2a+2b +3,Íocaíochtaí =2a+2b +3
139,en-ga,DG: <…….>,ArdStiúrthóireacht: <…….>
140,en-ga,2019 2020 2021 2022 2023 Subsequent years TOTAL,2019 2020 2021 2022 2023 Blianta ina dhiaidh sin IOMLÁN
141,en-ga,Appropriations in EUR,Leithreasuithe in EUR
142,en-ga,[5: Details of management modes and references to the Financial Regulation may be found on the BudgWeb site: https://myintracomm.ec.europa.eu/budgweb/EN/man/budgmanag/Pages/budgmanag.aspx],[5: Is féidir mionsonraí na modhanna bainistíochta agus tagairtí don Rialachán Airgeadais a fheiceáil ar shuíomh gréasáin ArdStiúrthóireacht an Bhuiséid: https://myintracomm.ec.europa.eu/budgweb/EN/man/budgmanag/Pages/budgmanag.aspx]
143,en-ga,N/A,LD/LN.
144,en-ga,EN 9 EN,GA 10 GA
145,en-ga,SPECIFIC OBJECTIVE No 1…[11: As described in point 1.4.2.,..[11: Mar a thuairiscítear i bpointe 1.4.2.
146,en-ga,External staff (in Full Time Equivalent unit: FTE) [14: AC= Contract Staff; AL = Local Staff; END= Seconded National Expert; INT = agency staff; JPD= Junior Professionals in Delegations.],Foireann sheachtrach (i gcoibhéis lánaimseartha: FTE) [14: AC = Ball foirne ar conradh; AL = Ball foirne áitiúil; END = Saineolaí náisiúnta ar iasacht; INT= Ball foirne gníomhaireachta; JPD = Saineolaithe sóisearacha i dtoscaireachtaí.]
147,en-ga,"On average, it is around 50% of total damage.","Ar an meán, tuairim agus 50 % den damáiste iomlán a bhíonn ann."
148,en-ga,"In the event of very big disasters such as the Abruzzo earthquake with EUR 22 billion in damage and an EUSF contribution of EUR 1.2 billion, an advance of no more than EUR 30 million is totally inadequate.","I gcás tubaistí anmhór ar nós chrith talún Abruzzo nuair a rinneadh EUR 22 bhilliún de dhamáiste agus gur tugadh ranníocaíocht CDAE EUR 1.2 billiún, ní leor in aon chor réamhíocaíocht uasta EUR 30 milliún."
149,en-ga,"XX 01 05 02/12/22 (AC, END, INT - Indirect research)","XX 01 05 02/12/22 (CA, SNE, INT - Taighde indíreach)"
150,en-ga,"[1: OJ C , , p.","[1: IO C, , lch. .]"
151,en-ga,"[2: OJ C , , p.","[2: IO C, , lch. .]"
152,en-ga,Amend the EMFF Regulation (EU) No 508/2014 as follows:,Leasaítear Rialachán (CE) Uimh. 508/2014 mar a leanas:
153,en-ga,[Coronavirus Response Investment Initiative],[An Tionscnamh Infheistíochta mar Fhreagairt ar an gCoróinvíreas]
154,en-ga,"""(e) a public health crisis""","""(e) géarchéim sláinte poiblí."""
155,en-ga,(2) In Article 57(1) the following point (e) is added :,(2) In Airteagal 57(1) cuirtear an phointe (e) seo a leanas leis:
156,en-ga,"[4: Regulation (EU) No 1301/2013 of the European Parliament and of the Council of 17 December 2013 on the European Regional Development Fund and on specific provisions concerning the Investment for growth and jobs goal and repealing Regulation (EC) No 1080/2006 (OJ L 347, 20.12.2013, p. 289)][5: Regulation (EU) No 508/2014 of the European Parliament and of the Council of 15 May 2014 on the European Maritime and Fisheries Fund and repealing Council Regulations (EC) No 2328/2003, (EC) No 861/2006, (EC) No 1198/2006 and (EC) No 791/2007 and Regulation (EU) No 1255/2011 of the European Parliament and of the Council]","[4: Rialachán (AE) Uimh. 1301/2013 ó Pharlaimint na hEorpa agus ón gComhairle an 17 Nollaig 2013 maidir le Ciste Forbraíochta Réigiúnaí na hEorpa agus maidir le forálacha sonracha a bhaineann le sprioc na hInfheistíochta le haghaidh fáis agus post agus lena naisghairtear Rialachán (CE) Uimh. 1080/2006 (IO L 347, 20.12.2013, lch 289)][5: Rialachán (AE) Uimh. 508/2014 ó Pharlaimint na hEorpa agus ón gComhairle an 15 Bealtaine 2014 maidir leis an gCiste Eorpach Muirí agus Iascaigh agus lena naisghairtear Rialachán (CE) 2328/2003 ón gComhairle, Rialachán (CE) Uimh. 861/2006 ón gComhairle, Rialachán (CE) Uimh. 1198/2006 ón gComhairle, Rialachán (CE) Uimh. 791/2007 ón gComhairle agus Rialachán (AE) Uimh. 1255/2011 ó Pharlaimint na hEorpa agus ón gComhairle]"
157,en-ga,"""(b) promoting business investment in R&I, developing links and synergies between enterprises, research and development centres and the higher education sector, in particular promoting investment in product and service development, technology transfer, social innovation, eco-innovation, public service applications, demand stimulation, networking, clusters and open innovation through smart specialisation, and supporting technological and applied research, pilot lines, early product validation actions, advanced manufacturing capabilities and first production, in particular in key enabling technologies and diffusion of general purpose technologies as well as fostering investment necessary for strengthening the crisis response capacities in health services""","""(b) infheistíocht ghnó a chur chun cinn i réimse na teicneolaíochta agus na nuálaíochta, agus naisc agus sineirgí a fhorbairt idir fiontair, ionaid taighde agus forbartha agus earnáil an ardoideachais, go háirithe trí infheistíocht a chur chun cinn i bhforbairt táirgí agus seirbhísí, aistriú teicneolaíochta, nuálaíocht shóisialta, éiceanuálaíocht, feidhmchláir don tseirbhís phoiblí, cothú éilimh, líonrú, braislí agus nuálaíocht oscailte trí speisialtóireacht chliste, agus trí thacú le taighde teicneolaíochta agus feidhmeach, línte píolótacha, bearta luathbhailíochtaithe táirge, ardchumas monaraíochta agus céadtáirgeadh, go háirithe in eochairtheicneolaíochtaí cumasúcháin agus scaipeadh teicneolaíochtaí ilfheidhmeacha, chomh maith leis an infheistíocht is gá a chothú chun acmhainneachtaí freagartha ar ghéarchéimeanna sna seirbhísí sláinte a neartú"""
158,en-ga,"Done at Brussels,",MEABHRÁN MÍNIÚCHÁIN
159,en-ga,"(12) Regulations (EU) 1301/2013, (EU) No 1303/2013 and Regulation (EU) No 508/2014 should therefore be amended accordingly,","(12) Ba cheart, dá bhrí sin, Rialachán (AE) Uimh. 1301/2013, (AE) Uimh. 1303/2013 agus Rialachán (AE) Uimh. 508/2014 a leasú dá réir,"
160,en-ga,][10: On 11 March 2020.],][10: An 11 Márta 2020.]
161,en-ga,"EUR 16,2 million under heading 5 (Administration).","EUR 16,2 milliún faoi cheannteideal 5 (Riarachán)."
162,en-ga,"Whereas,",GA GA
163,en-ga,"EUR 103,4 million under heading 4 (Global Europe);","EUR 103,4 milliún faoi cheannteideal 4 (An Eoraip Dhomhanda);"
164,en-ga,"[14: OJ C 373, 20.12.2013, p.","[14: IO C 373, 20.12.2013, lch."
165,en-ga,EN 5 EN,GA 6 GA
166,en-ga,OFFSETTING THE CONTINGENCY MARGIN AGAINST THE MFF CEILINGS,AN CORRLACH TEAGMHAIS MAR IONSTRAIM NA ROGHA DEIRIDH
167,en-ga,"(1) Article 13 of Council Regulation (EU, Euratom) No 1311/2013 has established a Contingency Margin of up to 0,03 % of the Gross National Income of the Union.","(1) Le hAirteagal 13 Rialachán (AE, Euratom) Uimh 1311/2013 ón gComhairle, bunaíodh Corrlach Teagmhais suas le 0,03 % d'Ollioncam Náisiúnta an Aontais."
168,en-ga,"In the technical adjustment of the MFF for 2020, based on Article 6 of the MFF Regulation, the absolute amount of the Contingency Margin for the year 2020 is set at EUR 5 096,8 million.","I coigeartú teicniúil CAI le haghaidh 2020, bunaithe ar Airteagal 6 de Rialachán CAI, is é EUR 5 096,8 milliún dearbhmhéid an Chorrlaigh Teagmhais a leagtar síos le haghaidh na bliana 2020."
169,en-ga,"[16: OJ C 373, 20.12.2013, p.","[16: IO L 373, 20.12.2013, lch."
170,en-ga,"EUR 514,0 million under heading 2 (Sustainable growth: natural resources);","EUR 514,0 milliún faoi cheannteideal 2 (Fás inbhuanaithe: Acmhainní nádúrtha);"
171,en-ga,The amount of EUR 714 558 138 referred to in Article 1 shall be offset against the margin of the financial year 2020 of heading 5 Administration.,Déanfar an méid EUR 714 558 138 dá dtagraítear in Airteagal 1 a fhritháireamh in aghaidh chorrlach na bliana airgeadais 2020 faoi cheannteideal 5 Riarachán.
172,en-ga,"[8: OJ C , , p.","[8: IO C , , lch. .]"
173,en-ga,"[11: OJ L 29, 31.1.2020, p.","[11: IO L 29, 31.1.2020, lch."
174,en-ga,"[7: OJ L 29, 31.1.2020, p.","[7: IO L 29, 31.1.2020, lch."
175,en-ga,"(*) Council Regulation (EC) No 2012/2002 of 11 November 2002 establishing the European Union Solidarity Fund (OJ L 311, 14.11.2002, p. 3).","(*) Rialachán (CE) Uimh. 2012/2002 ón gComhairle an 11 Samhain 2002 lena mbunaítear Ciste Dlúthpháirtíochta an Aontais Eorpaigh (IO L 311, 14.11.2002, lch 3)."
176,en-ga,‘Global Margin for Commitments',COMHTHÉACS AN TOGRA
177,en-ga,"[4: Proposal for a Council Regulation activating the emergency support under Council Regulation (EU) 2016/369 of 15 March 2016 and amending its provisions in respect of the COVID-19 outbreak, COM(2020) 175, 2.4.2020.","[4: Togra le haghaidh Rialachán ón gComhairle lena ngníomhachtaítear an tacaíocht éigeandála faoi Rialachán (AE) 2016/369 ón gComhairle an 15 Márta 2016 agus lena leasaítear a fhorálacha i leith na ráige COVID-19, COM(2020) 175, 2.4.2020.][5: Dréachtbhuiséad Leasaitheach Uimh. 2/2020, COM(2020) 170, 2.4.2020.]"
178,en-ga,"(**) Regulation (EU) No 1309/2013 of the European Parliament and of the Council of 17 December 2013 on the European Globalisation Adjustment Fund (2014-2020) and repealing Regulation (EC) No 1927/2006 (OJ L 347, 20.12.2013, p. 855).","(**) Rialachán (AE) Uimh. 1309/2013 ó Pharlaimint na hEorpa agus ón gComhairle an 17 Nollaig 2013 maidir leis an gCiste Eorpach um Choigeartú don Domhandú (2014-2020) agus lena n-aisghairtear Rialachán (CE) Uimh. 1927/2006 (IO L 347, 20.12.2013, lch."
179,en-ga,"Total 1 094,4","Iomlán 1 094,4"
180,en-ga,"[9: OJ C 373, 20.12.2013, p.","[9: IO C 373, 20.12.2013, lch."
181,en-ga,EN 4 EN,GA 5 GA
182,en-ga,"[1: OJ L 58, 27.2.2020, p.","[1: IO L 58, 27.2.2020, lch."
183,en-ga,"(in million EUR, at current prices)","(in EUR milliúin, ag praghsanna reatha)"
184,en-ga,"The first subparagraph of paragraph 1 of Article 1 of Decision (EU) 2020/265 is amended as follows: ""EUR 778 074 489"" is replaced by ""EUR 1 094 414 188"".","Leasaítear an chéad fhomhír de mhír 1 d'Airteagal 1 de Chinneadh (AE) 2020/265 mar a leanas: Cuirtear ""EUR 1 094 414 188"""
185,en-ga,"[10: Council Regulation (EU, Euratom) No 1311/2013 of 2 December 2013 laying down the multiannual financial framework for the years 2014-2020 (OJ L 347, 20.12.2013, p.","[10: Rialachán (AE, Euratom) Uimh. 1311/2013 ón gComhairle an 2 Nollaig 2013 lena leagtar síos an creat airgeadais ilbhliantúil do na blianta 2014-2020 (IO L 347, 20.12.2013, lch."
186,en-ga,Article 2,Airteagal 2
187,en-ga,"In the first subparagraph of paragraph 2, points (a) to (d) are replaced by the following:","Sa chéad fhomhír de mhír 2, cuirtear an méid seo a leanas in ionad phointí (a) go (d):"
188,en-ga,"Total 851,4","Iomlán 851,4"
189,en-ga,"[3: OJ L 58, 27.2.2020, p.","[3: IO L 58, 27.2.2020, lch."
190,en-ga,"[4: OJ C 373, 20.12.2013, p.","[4: IO L 373, 20.12.2013, lch."
191,en-ga,"[5: Council Regulation (EU, Euratom) No 1311/2013 of 2 December 2013 laying down the multiannual financial framework for the years 2014-2020 (OJ L 347, 20.12.2013, p.","[5: Rialachán (AE, Euratom) Uimh. 1311/2013 ón gComhairle an 2 Nollaig 2013 lena leagtar síos an creat airgeadais ilbhliantúil do na blianta 2014-2020 (IO L 347, 20.12.2013, lch."
192,en-ga,"[2: OJ L 347, 20.12.2013, p.","[2: IO L 347, 20.12.2013, lch. 884.]"
193,en-ga,EN 3 EN,GA 3 GA
194,en-ga,[…] [XX.YY.YY.YY] […] […] YES/,[…] [XX.YY.YY.YY] […] […] IS EA/
195,en-ga,"[41: OJ L 123, 12.5.2016, p.","[41: IO L 123, 12.5.2016, lch."
196,en-ga,GRAND TOTAL 34 60 85 85 85,MÓRIOMLÁN 34 60 85 85 85
197,en-ga,[Body]: <EFSA.> Year,[Comhlacht]: <EFSA.> Bliain
198,en-ga,Payments (2a),Íocaíochtaí (2 a)
199,en-ga,Total 8.5 14.9 21.2 21.2 21.2,Iomlán 8.5 14.9 21.2 21.2 21.2
200,en-ga,"(4) the following Articles 32a, 32b, 32c, 32d and 32e are inserted:","(4) cuirtear isteach na hAirteagail 32a, 32b, 32c, 32d agus 32e seo a leanas:"
201,en-ga,"[19: OJ C , , p.","[19: IO C, , lch. .]"
202,en-ga,"[20: OJ C , , p.","[20: IO C, , lch. .]"
203,en-ga,Temporary staff 4.861 8.507 12.154 12.154 12.154 49.830,Pearsanra sealadach 4.861 8.507 12.154 12.154 12.154 49.830
204,en-ga,"Strengthen advocacy: targeted messages, narrative, translations, etc Increase targeted communication key topics Sc.literacy actions 1.700 2.975 4.250 4.250 4.250 17.425","Abhcóideacht a neartú: Teachtaireachtaí spriocdhírithe, tuairiscí, aistriúcháin, etc Príomhthopaicí cumarsáide spriocdhírithe a mhéadú Bearta i leith litearthacht na heolaíochta 1.700 2.975 4.250 4.250 4.250 17.425"
205,en-ga,Alternatives considered:,Go háirithe:
206,en-ga,Actions and total No FTEs Details Details 2020 Million 2021 Million 2022 Million,Bearta agus líon iomlán FTE Mionsonraí Mionsonraí 2020 Milliún 2021 Milliún 2022 Milliún
207,en-ga,"""Article 57a","""Airteagal 57a"
208,en-ga,AST Total,Iomlán AST
209,en-ga,Additional ad hoc studies 16 ad hoc studies 6.000 10.500 15.000 15.000 15.000 61.500,Staidéir ad hoc bhreise 16 Staidéar ad hoc 6.000 10.500 15.000 15.000 15.000 61.500
210,en-ga,Officials (AD Grades),Oifigigh (Gráid AD)
211,en-ga,2021 Year,2021 Bliain
212,en-ga,Article 8b,Airteagal 8b
213,en-ga,Capacity building 2.4 FTEs 0.124 0.217 0.310,Forbairt acmhainní 2.4 FTE 0.124 0.217 0.310
214,en-ga,Subtotal for specific objective No 4 2.800 4.900 7.000 7.000 7.000 28.700,Fo-iomlán do chuspóir sonrach Uimh. 4 2.800 4.900 7.000 7.000 7.000 28.700
215,en-ga,Article 8c,Airteagal 8c
216,en-ga,Appeals 8.4 FTEs 450/ dossier10% =45 appeals 10% confid.,Achomhairc 8.4 FTE 450/Sainchomhad 10%
217,en-ga,"""SECTION 1a","""ROINN 1a"
218,en-ga,"[16: Commission Staff Working Document, Synopsis Report, SWD(2018)97, [dated 11.04.2018].]","[16: Doiciméad inmheánach oibre de chuid an Choimisiúin, Tuarascáil Achoimre SWD(2018)97, [dar dáta 11.04.2018].]"
219,en-ga,Additional ad hoc studies 4FTEs 0.207 0.362 0.517,Staidéir ad hoc bhreise 4FTEs 0.207 0.362 0.517
220,en-ga,Contract staff 0.629 1.101 1.572 1.572 1.572 6.446,Baill foirne ar conradh 0.629 1.101 1.572 1.572 1.572 6.446
221,en-ga,[42: As referred to in Article 54(2)(a) or (b) of the Financial Regulation.],[42: Mar a thagraítear dó in Airteagal 54(2)(a) nó (b) den Rialachán Airgeadais.]
222,en-ga,Officials (AST grades),Oifigigh (Gráid AST)
223,en-ga,(7) the following Articles 39a to 39g are inserted:,(7) cuirtear isteach Airteagal 39a go hAirteagal 39g seo a leanas:
224,en-ga,Toxicological studies (H2020-FP9) 2FTEs 0.103 0.181 0.258,Staidéir Thocsaineolaíochta (H2020-FP9) 2 FTE 0.103 0.181 0.258
225,en-ga,Stakeholders engagement in RA process 12.5 FTES 0.646 1.131 1.615,Rannpháirtíocht na bpáirtithe leasmhara sa phróiseas measúnaithe riosca 12.5 FTE 0.646 1.131 1.615
226,en-ga,[Heading……………………...…………] Diff./Non-diff.[44: Diff. = Differentiated appropriations / Non-diff. = Non-differentiated appropriations.],[Ceannteideal……………………...…………] LD/LN.[44: LD = Leithreasuithe difreáilte / LN = Leithreasuithe neamhdhifreáilte.] ó thíortha de chuid CSTE[45: CSTE: Comhlachas Saorthrádála na hEorpa.
227,en-ga,Insourcing routine work 15 FTEs 0.775 1.357 1.938,Ionfhoinsiú gnáthoinre 15 FTE 0.775 1.357 1.
228,en-ga,Preparatory work sharing with MSs grants/procurements 5.120 8.960 12.800 12.800 12.800 52.480,Obair ullmhúcháin a roinnt leis na Ballstáit deontais/soláthairtí 5.120 8.960 12.800 12.800 12.800 52.480
229,en-ga,Strengthened analysis of social science survey analysis 0.500 0.875 1.250 1.250 1.250 5.125,Anailís neartaithe ar anailís suirbhé eolaíochta sóisialta 0.500 0.875 1.250 1.250 1.250 5.125
230,en-ga,[43: Details of management modes and references to the Financial Regulation may be found on the BudgWeb site: https://myintracomm.ec.europa.eu/budgweb/EN/man/budgmanag/Pages/budgmanag.aspx.],[43: Is féidir mionsonraí ar na modhanna bainistíochta agus tagairtí don Rialachán Airgeadais a fheiceáil ar shuíomh gréasáin Ard-Stiúrthóireacht an Bhuiséid: https://myintracomm.ec.europa.eu/budgweb/EN/man/budgmanag/Pages/budgmanag.aspx.]
231,en-ga,2022 Year,2022 Bliain
232,en-ga,Article 39f,Airteagal 39f
233,en-ga,TOTAL 5.490 9.608 13.726 13.726 13.726 56.276,IOMLÁN 5.490 9.608 13.726 13.726 13.726 56.276
234,en-ga,Subtotal for specific objective No 1 1.120 1.960 2.800 2.800 2.800 11.480,Fo-iomlán do chuspóir sonrach Uimh. 1 1.120 1.960 2.800 2.800 2.800 11.480
235,en-ga,Articles 39 to 39f of Regulation (EC) No 178/2002 shall apply mutatis mutandis.,"Beidh feidhm ag Airteagal 39 go 39f de Rialachán (CE) Uimh. 178/2002 mutatis mutandis."";"
236,en-ga,Stakeholders engagement in RA process 50 events/year 10 panels5event panel/y 0.600 1.050 1.500 1.500 1.500 6.150,Rannpháirtíocht na bpáirtithe leasmhara sa phróiseas measúnaithe riosca 50 imeacht gach bliain 10 bpainéal 5 imeacht painéil gach bliain 0.600 1.050 1.500 1.500 1.500 6.150
237,en-ga,"""Article 39a","""Airteagal 39a"
238,en-ga,X bodies referred to in Articles 208 and 209;,X comhlachtaí dá dtagraítear in Airteagal 208 agus Airteagal 209;
239,en-ga,Article 32e,Airteagal 32e
240,en-ga,Article 32c,Airteagal 32c
241,en-ga,day cost= 1.152 0.221 0.387 0.553 0.553 0.553 2.267,21 Bhall Painéil 10 bpainéal x6chruinniú/bl Iomlán costas lae= 1.152 0.221 0.387 0.553 0.553 0.553 2.267
242,en-ga,Article 39d,Airteagal 39d
243,en-ga,Proposal/initiative in effect from [DD/MM]YYYY to [DD/MM]YYYY,Togra/tionscnamh a bheidh i bhfeidhm ón [LL/MM]BBBB go dtí an [LL/MM]BBBB
244,en-ga,‘Specific objective(s)…'],‘Cuspóirí sonracha...']
245,en-ga,(a) Article 1(2) shall apply from 1st July 2022.,(a) Beidh feidhm ag Airteagal 1(2) ón 1 Iúil 2022 i leith.
246,en-ga,"""Article 32a","""Airteagal 32a"
247,en-ga,"[24: Communication from the Commission on the ECI ""Ban glyphosate and protect people and the environment from toxic pesticides"", C(2017) 8414 final.]","[24: Teachtaireacht ón gCoimisiún maidir leis an Tionscnamh ó na Saoránaigh ""Ban glyphosate and protect people and the environment from toxic pesticides"""
248,en-ga,Payments (2) 5.490 9.608 13.726 13.726 13.726 56.276,Íocaíochtaí (2) 5.490 9.608 13.726 13.726 13.726 56.276
249,en-ga,Directive (EC) No 2001/18/EC is amended as follows:,Leasaítear Treoir (CE) Uimh. 2001/18/CE mar a leanas:
250,en-ga,Seconded National Experts,Staidéir fíoraithe
251,en-ga,"Strengthen advocacy: targeted messages, narrative, translations etc 4.8 FTEs 0.248 0.434 0.620","Abhcóideacht a neartú: teachtaireachtaí spriocdhírithe, tuairiscí, aistriúcháin, etc 4.8 FTE 0.248 0."
252,en-ga,TOTAL COST 19.512 34.145 48.779 48.779 48.779 199.994,COSTAS IOMLÁN 19.512 34.145 48.779 48.779 48.779 199.
253,en-ga,Article 32d,Airteagal 32d
254,en-ga,Article 32b,Airteagal 32b
255,en-ga,"[2: OJ C 384 I, 12.11.2019, p.","[2: IO C 384 I, 12.11.2019, lch. 1.]"
256,en-ga,p.1).],lch.1).]
257,en-ga,DG: <…….> Year,ArdStiúrthóireacht: <…….> Year
258,en-ga,"[4: OL L 29, 2020 1 31, p.","[4: IO L 29, 2020.1 31, lch. 7.]"
259,en-ga,Payments =2+2a +3,Íocaíochtaí +2+2a +3
260,en-ga,"[3: Regulation (EU, Euratom) 1046/2018 of the European Parliament and of the Council of 18 July 2018 on the financial rules applicable to the general budget of the Union, amending Regulations (EU) No 1296/2013, (EU) No 1301/2013, (EU) No 1303/2013, (EU) No 1304/2013, (EU) No 1309/2013, (EU) No 1316/2013, (EU) No 223/2014, (EU) No 283/2014, and Decision No 541/2014 and repealing Regulation (EU, Euratom) No 966/2012 (OJ L 193, 30.7.2018, p.","[3: Rialachán (AE, Euratom) 1046/2018 ó Pharlaimint na hEorpa agus ón gComhairle an 18 Iúil 2018 maidir leis na rialacha airgeadais is infheidhme maidir le buiséad ginearálta an Aontais Eorpa, lena leasaítear Rialacháin (AE) Uimh. 1296/2013, (AE) Uimh. 1301/2013, (AE) Uimh. 1303/2013 (AE), Uimh. 1304/2013, (AE) Uimh. 1309/2013, (AE) Uimh. 1316/2013, (AE) Uimh. 223/2014, (AE) 283/2014, agus Cinneadh Uimh. 541/2014 agus lena naisghairtear Rialachán(AE, Euratom) 966/2012 (IO L 193, 30.7."
261,en-ga,for DG <…….> Commitments =1+1a +3,….> Gealltanais =1+1a +3
262,en-ga,Payments (2),Íocaíochtaí (2)
263,en-ga,TOTAL 3 3 2 2,IOMLÁN 3 3 2 2
264,en-ga,"[5: Definitive adoption (EU, Euratom) 2020/227 of the European Union's general budget for the financial year 2020, (OJ L 57, 27.02.2020.","[5: Glacadh cinntitheach (AE, Euratom) 2020/227 bhuiséad ginearálta an Aontais Eorpaigh le haghaidh na bliana airgeadais 2020, (IO L 57, 27.02.2020."
265,en-ga,"[8: Details of management modes and references to Regulation (EU, Euratom) 1046/2018 may be found on the BudgWeb site: http://www.cc.cec/budg/man/budgmanag/budgmanag_en.html]","[8: Is féidir mionsonraí ar na modhanna bainistíochta agus tagairtí do Rialachán (AE, Euratom) Uimh. 1046/2018 a fheiceáil ar shuíomh gréasáin ArdStiúrthóireacht an Bhuiséid: http://www.cc.cec/budg/man/budgmanag/budgmanag_en.html]"
266,en-ga,EN 25 EN,GA 15 GA
267,en-ga,[…][XX.YY.YY.YY] YES/NO YES/NO YES/NO YES/NO,[…][XX.YY.YY.YY] LD/LN.
268,en-ga,This proposal was meanwhile adopted and entered into force on 30 March.,ar an 13 Márta 2020.
269,en-ga,"From the beginning of the outbreak in the Union up until 30 March 2020, 334 396 cases and 22 209 deaths have been reported in the Member States.","Ón uair a thosaigh an ráig san Aontas go dtí an 30 Márta 2020, tá 334,396 chás agus bás 22,209 duine tuairiscithe sna Ballstáit."
270,en-ga,Payments -,Íocaíochtaí -
271,en-ga,[…][Heading………………………...……………] Diff./Non-diff.[9: Diff. = Differentiated appropriations / Non-diff. = Non-differentiated appropriations.],[…][Ceannteideal………………………...……………] LD/LN.[9: LD = Leithreasuithe difreáilte / LN = Leithreasuithe neamhdhifreáilte.] ó thíortha de chuid CSTE[10: EFTA: Comhlachas Saorthrádála na hEorpa.
272,en-ga,[7: As referred to in Article 54(2)(a) or (b) of the Financial Regulation.],[7: Mar a thagraítear dó in Airteagal 54(2)(a) nó (b) den Rialachán Airgeadais.]
273,en-ga,"bodies referred to in Articles 208 and 209 of Regulation (EU, Euratom) 1046/2018;","comhlachtaí dá dtagraítear in Airteagail 208 agus 209 de Rialachán (AE, Euratom) Uimh. 1046/2018;"
274,en-ga,[6: ABM: activity-based management; ABB: activity-based budgeting.],[6: ABM: bainistíocht de réir gníomhaíochtaí; ABB: buiséadú de réir gníomhaíochtaí.]
275,en-ga,Number of budget line Commitments (1a),Uimhir na líne buiséid Gealltanais (1a)
276,en-ga,"XX 01 02 01 (AC, END, INT from the ‘global envelope') 1 1","XX 01 02 01 (AC, END, INT ón ""imchlúdach iomlánaíoch"") 1 1"
277,en-ga,Number of budget line Commitments (1),Uimhir na líne buiséid Gealltanais (1)
278,en-ga,"The Severe Acute Respiratory Syndrome coronavirus-2 (SARS-CoV-2), causing the coronavirus disease, named COVID-19 by the World Health Organisation (WHO), is a new strain of coronavirus not previously identified in humans.","(3) Is é atá sa ghéarshiondróim throm riospráide coróinvíreas2 (SARSCoV-2),arb é is cúis leis an ngalar coróinvíris agus ar thug an Eagraíocht Dhomhanda Sláinte (EDS) COVID19 uirthi, tréithchineál nua coróinvíris nár aithníodh cheana sa duine."
279,en-ga,"XX 01 05 02 (AC, END, INT - Indirect research)","XX 01 05 02 (AC, END, INT - Taighde indíreach)"
280,en-ga,"[1: OJ C […], […], p.","[1: IO C , , lch. .]"
281,en-ga,EUR 8 700 000 for the Canary Islands;,(b) EUR 8 700 000 i gcomhair na nOileán Canárach;
282,en-ga,EN 10 EN,GA 10 GA
283,en-ga,"""(e) amendments to operational programmes concerning the support referred to in Articles 33(1)(d), 35, 44(4a), 55(1)(b), 57, 66 and 67, including the reallocation of financial resources thereto to address the consequences of the COVID-19 outbreak.","""(e) leasuithe ar chláir oibríochtúla a bhaineann leis an tacaíocht dá dtagraítear in Airteagail 33(1)(d), 35, 44(4a), 55(1)(b), 57, 66 agus 67, lena náirítear acmhainní airgeadais a ath-leithdháileadh chun dul i ngleic le hiarmhairtí ráig COVID-19."";"
284,en-ga,EUR 12 350 000 for the French outermost regions referred to in Article 349 TFEU.,(c) EUR 12 350 000 do réigiúin fhorimeallacha na Fraince dá dtagraítear in Airteagal 349 CFAE.
285,en-ga,EUR 6 450 000 for the Azores and Madeira;,(a) EUR 6 450 000 i gcomhair na nAsór agus Mhaidéara;
286,en-ga,"""Article 55","""Airteagal 55"
287,en-ga,"(c) 50% of the eligible public expenditure for the support referred to in Article 33(1)(a) to (c), Article 34 and Article 41(2);"".","(c) 50 % den chaiteachas poiblí incháilithe le haghaidh na tacaíochta dá dtagraítear in Airteagal 33(1)(a) go (c), Airteagal 34 agus Airteagal 41(2);""."
288,en-ga,Storage mechanism,Comhréireacht
289,en-ga,(12) Article 94(3)(c) is amended as follows:,(12) Leasaítear Airteagal 94(3)(c) mar a leanas:
290,en-ga,"][3: Regulation (EU) No 1379/2013 of the European Parliament and of the Council of 11 December 2013 on the common organisation of the markets in fishery and aquaculture products, amending Council Regulations (EC) No 1184/2006 and (EC) No 1224/2009 and repealing Council Regulation (EC) No 104/2000 (OJ L 354, 28.12.2013, p.","][3: Rialachán (AE) Uimh. 1379/2013 ó Pharlaimint na hEorpa agus ón gComhairle an 11 Nollaig 2013 maidir le comheagrú na margaí i dtáirgí iascaigh agus dobharshaothraithe, lena leasaítear Rialachán (CE) Uimh. 1184/2006 ón gComhairle agus Rialachán (CE) Uimh. 1224/2009 ón gComhairle agus lena naisghairtear Rialachán (CE) Uimh. 104/2000 (IO L 354, 28.12.2013, lch."
291,en-ga,"(a) references made in Articles 30, 32, 33, 38, 39, 41 and 42 to fishing vessels shall be understood as references to vessels operating exclusively in inland waters;","(a) tuigfear gurb é atá sna tagairtí a dhéantar in Airteagail 30, 32, 33, 38, 39, 41 agus 42 do shoithí iascaireachta tagairtí do shoithí a oibríonn in uisce intíre amháin;"
292,en-ga,"""Article 30","""Airteagal 30"
293,en-ga,"(d) the products are stabilised or processed and stored in tanks or cages, by way of freezing, either on board vessels or in land facilities, salting, drying, marinating or, where relevant, boiling and pasteurisation, whether or not filleted, cut-up or, where appropriate, headed;","(d) go ndéantar na táirgí a chobhsú nó a phróiseáil agus a stóráil in umair nó i gcaighin, nó trína reo, ar bord soitheach nó i saoráidí ar tír, trína sailleadh, trína dtriomú, trína maranáidiú, nó, más ábhartha, trína mbruith agus trína bpaistéaradh, cibé acu an ndéantar nó nach ndéantar filléadú nó gearradh, nó i gcás inarb iomchuí, sciotadh cinn, de bhreis ar na próisis sin;"
294,en-ga,"[2: Regulation (EU) No 508/2014 of the European Parliament and of the Council of 15 May 2014 on the European Maritime and Fisheries Fund and repealing Council Regulations (EC) No 2328/2003, (EC) No 861/2006, (EC) No 1198/2006 and (EC) No 791/2007 and Regulation (EU) No 1255/2011 of the European Parliament and of the Council (OJ L 149, 20.5.2014, p.","2328/2003 ón gComhairle, Rialachán (CE) Uimh. 861/2006 ón gComhairle, Rialachán (CE) Uimh. 1198/2006 ón gComhairle, Rialachán (CE) Uimh. 791/2007 ón gComhairle agus Rialachán (AE) Uimh."
295,en-ga,"(documents COM(2017)281 final - 2017/0123 (COD), COM(2017)278 final - 2017/0121 (COD) and COM(2017)277 final - 2017/0122 (COD) 01/06/2017","(doiciméid COM(2017)281 final - 2017/0123 (COD), COM(2017)278 final - 2017/0121 (COD) agus COM(2017)277 final - 2017/0122 (COD) 01/06/2017"
296,en-ga,EN 7 EN,GA 9 GA
297,en-ga,Date of the opinion of the Committee of the Regions: 01/02/2018,Dáta na tuairime ó Choiste na Réigiún: 01/02/2018
298,en-ga,Date of adoption of the position of the Council: 07/04/2020,An dáta a glacadh an seasamh ón gComhairle: 07/04/2020
299,en-ga,"position of the Council on the adoption of a Regulation amending Regulation (EC) No 1071/2009, Regulation (EC) No 1072/2009 and Regulation (EU) No 1024/2012 with a view to adapting them to developments in the sector, a Regulation amending Regulation (EC) No 561/2006 on minimum requirements on maximum daily and weekly driving times, minimum breaks and daily and weekly rest periods and Regulation (EU) 165/2014 as regards positioning by means of tachographs and a Directive amending Directive 2006/22/EC as regards enforcement requirements and laying down specific rules with respect to Directive 96/71/EC and Directive 2014/67/EU for posting drivers in the road transport sector and amending Regulation (EU) No 1024/2012","seasamh ón gComhairle i dtaca le glacadh Rialacháin lena leasaítear Rialachán (CE) Uimh. 1071/2009, Rialachán (CE) Uimh 1072/2009 agus Rialachán (AE) Uimh. 1024/2012 d'fhonn iad a oiriúnú d'fhorbairtí san earnáil, glacadh Rialacháin lena leasaítear Rialachán (CE) Uimh. 561/2006 i dtaca le riachtanais íosta maidir le huastréimhsí tiomána laethúla agus seachtainiúla agus íossosanna agus tréimhsí scíthe laethúla agus seachtainiúla, glacadh Rialachán (CE) Uimh. 165/2014 i dtaca le suíomh trí bhíthin tacagraf, glacadh Treorach lena leasaítear Treoir 2006/22/CE maidir le ceanglais forfheidhmiúcháin agus lena leagtar síos rialacha sonracha i dtaca le Treoir 96/71/CE agus Treoir 2014/67/AE maidir le tiománaithe a phostú san earnáil iompair de bhóthar agus lena leasaítear Rialachán (AE) Uimh. 1024/2012"
300,en-ga,Establishment criteria relating to drivers (Rome I),Critéir bhunaíochta a bhaineann le tiománaithe (An Róimh I)
301,en-ga,Introduction of new tachograph technology,Cuspóir an togra ón gCoimisiún
302,en-ga,Background,Cúlra
303,en-ga,Implementation deadlines / dates of application,Rialacha maidir le cabatáiste
304,en-ga,Why?,Cén fáth?
305,en-ga,EN EN,A.
306,en-ga,Executive Summary Sheet,Bileog Achoimre Feidhmiúcháin
307,en-ga,"Option 0: maintaining the status quo; Options ID: format and security of ID cards - ID SOFT): non-legislative measures related to ID cards (such as awareness-raising and training) - ID 1): ID SOFT, plus setting minimum common requirements for ID format and security - ID 2): ID SOFT, plus ID 1), with a common format for ID cards, including mandatory fingerprints - ID3): ID SOFT with the possibility of issuing an EU ID card in addition to national ID cards Options RES: format and security of residence documents - RES SOFT): non-legislative measures related to residence documents - RES 1): RES SOFT plus the harmonisation of a limited amount of residence document data - RES 2): RES SOFT plus RES 1) with a common format for residence documents of non-EU family members - RES 3): RES SOFT plus RES 1) with a common format for all residence documents, Options PROCESS: process for issuing documents and sharing information between Member States - PROCESS SOFT): promote more and better options for requesting and receiving documents - PROCESS 1): PROCESS SOFT and the ability to issue ID cards through consular networks The preferred options are ID 1), RES 2) and PROCESS SOFT).","Rogha 0: an status quo a choinneáil; Roghanna ID: formáid agus slándáil na gcártaí aitheantais - ID BOG): bearta neamh-reachtacha a bhaineann le cártaí aitheantais (amhail múscailt feasachta agus oiliúint) - ID 1): ID BOG, móide íoscheanglais choiteanna a leagan síos d'fhormáid agus do shlándáil na gcártaí aitheantais - ID 2): ID BOG, móide ID 1), le formáid choiteann do chártaí aitheantais, lena náirítear méarloirg éigeantacha - ID3): ID BOG, leis an bhféidearthacht cárta aitheantais AE a eisiúint mar aon le cártaí aitheantais náisiúnta Roghanna RES: formáid agus slándáil na ndoiciméad cónaithe - RES BOG): bearta neamh-reachtacha a bhaineann le doiciméid chónaithe - RES 1): RES BOG móide comhchuibhiú líon teoranta sonraí maidir le doiciméad cónaithe - RES 2): RES BOG móide RES 1) le formáid choiteann do dhoiciméid chónaithe ball teaghlaigh nach den Aontas iad - RES 3): RES BOG móide RES 1) le formáid choiteann do gach doiciméad cónaithe, Roghanna PRÓISEAS: próiseas chun doiciméid a eisiúint agus chun faisnéis a mhalartú idir na Ballstáit - PRÓISEAS BOG): níos mó roghanna agus roghanna níos fearr a chur chun cinn i dtaca le doiciméid a iarraidh agus a fháil - PRÓISEAS 1): PRÓISEAS BOG agus an cumas cártaí aitheantais a eisiúint trí líonraí consalacha Is iad ID 1), RES 2) agus PRÓISEAS BOG) na roghanna tosaíochta."
308,en-ga,Max 6 lines,6 líne ar a mhéid
309,en-ga,Maximum 8 lines,8 líne ar a mhéid
310,en-ga,"Many national authorities and NGOs support soft law measures for all types of documents (all SOFT options).Some national authorities dealing with the issue of free movement (AT, CZ, HR, DK, NL, MT and PL) do not see the need for legislation, while the introduction of minimum features for ID cards (ID 1) is favoured by others (BG, CY, DE, EE, EL, FI, IE, PT, RO, SI and SK).","Ní fheiceann údaráis náisiúnta áirithe atá ag déileáil le saincheist na saorghluaiseachta (AT, CZ, HR, DK, NL, MT agus PL) an gá atá le reachtaíocht, agus ag an am céanna, tá údaráis eile (BG, CY, DE, EE, EL, FI, IE, PT, RO, SI, agus SK) i bhfabhar íostréithe a thabhairt isteach do chártaí aitheantais (ID 1)."
311,en-ga,Maximum 12 lines,12 líne ar a mhéid
312,en-ga,Maximum 11 lines,11 líne ar a mhéid
313,en-ga,EN 6 EN,GA 6 GA
314,en-ga,"[5: Judgment of the Court of Justice of 7 October 2014, Germany v Council, C-399/12, ECLI:EU:C:2014:2258, paragraphs 61 to 64.]","[5: Breithiúnas na Cúirte Breithiúnais an 7 Deireadh Fómhair 2014, an Ghearmáin v an Chomhairle, C-399/12, ECLI:EU:C:2014:2258, míreanna 61 go 64.]"
315,en-ga,"[4: Judgment of the Court of Justice of 7 October 2014, Germany v Council, C-399/12, ECLI:EU:C:2014:2258, paragraph 64.]","[4: Breithiúnas na Cúirte Breithiúnais an 7 Deireadh Fómhair 2014, an Ghearmáin v an Chomhairle, C-399/12, ECLI:EU:C:2014:2258, mír 64.]"
316,en-ga,Substantive legal basis,Bunús dlí substainteach
317,en-ga,Slovenia adhered to the Memorandum on 15 May 2003.],D'éirigh an tSlóivéin ina comhalta den Mheabhrán an 15 Bealtaine 2003.]
318,en-ga,"[2: Belgium, Denmark, Finland, France, Germany, Greece, Ireland, Italy, Netherlands, Portugal, Spain and the United Kingdom adhered to the Memorandum on 26 January 1982.","[2: D'éirigh an Bheilg, an Danmhairg, an Fhionlainn, an Fhrainc, an Ghearmáin, an Ghréig, Éire, an Iodáil, an Ísiltír, an Phortaingéil, an Spáinn agus an Ríocht Aontaithe ina gcomhaltaí den Mheabhrán an 26 Eanáir 1982."
319,en-ga,"In 2016, Council Decision (EU) 2016/381 set out the position to be adopted, on behalf of the European Union, within the PSCC for the period 2016-2019.","Le Cinneadh (AE) 2016/381 ón gComhairle, leagadh amach in 2016 an seasamh atá le glacadh, thar ceann an Aontais, sa Choiste um Rialú Stáit ar Chalafoirt don tréimhse 2016-2019."
320,en-ga,ANNEX I,IARSCRÍBHINN I
321,en-ga,EN 2 EN,GA 2 GA
322,en-ga,"[2: Commission Regulation (EU) No 802/2010 of 13 September 2010 implementing Article 10(3) and Article 27 of Directive 2009/16/EC of the European Parliament and of the Council as regards company performance (OJ L 241, 14.9.2010, p.","[2: Rialacháin (AE) Uimh. 802/2010 ón gCoimisiún an 13 Meán Fómhair 2010 lena gcuirtear Airteagal 10(3) agus Airteagal 27 de Threoir 2009/16/CE ó Pharlaimint na hEorpa agus ón gComhairle chun feidhme maidir le feidhmíocht na gcuideachtaí (IO L 241, 14.9.2010, lch."
323,en-ga,"[1: Commission Regulation (EU) No 801/2010 of 13 September 2010 implementing Article 10(3) of Directive 2009/16/EC of the European Parliament and of the Council as regards the flag State criteria (OJ L 241, 14.9.2010, p.","[1: Rialacháin (AE) Uimh. 801/2010 ón gCoimisiún an 13 Meán Fómhair 2010 lena gcuirtear Airteagal 10(3) de Threoir 2009/16/CE ó Pharlaimint na hEorpa agus ón gComhairle chun feidhme maidir le critéir an Stáit brataí (IO L 241, 14.9.2010, lch."
324,en-ga,(b) the performance list for recognised organisations in accordance with the methodology adopted by Port State Control Committee (‘PSCC') at the PSCC 37 in May 2004 (Agenda Item point 4.5.2);,(b) liosta feidhmíochta de na heagraíochtaí aitheanta i gcomhréir leis an modheolaíocht a ghlac an Coiste um Rialú Stáit ar Chalafoirt ag PSCC 37 i mBealtaine 2004 (mír 4.5.2 ar an gclár oibre);
325,en-ga,ANNEX II,IARSCRÍBHINN II
326,en-ga,"To this effect and based on that information, a preparatory document setting out the particulars of the envisaged position shall be transmitted by the Commission's services, in sufficient time before the PSCC meeting, to the Council or to its preparatory bodies for consideration and approval.","I gcás an chur in aghaidh sin, cuirfear an cheist faoi bhráid na Comhairle."
327,en-ga,"- The combination of options is also expected to have a positive impact on GDP (€ 838.8 bn in NPV 2015-2055) and on employment (> 1.5bn in 2050), labour force (>1.4bn in 2050) and real incomes (€120 bn in 2050).","- Meastar go ndéanfadh an teaglaim de roghanna difear dearfach do OTI (838.8 billiún EUR i nglanluach láithreach 2015-2055) agus d'fhostaíocht (> 1.5 billiún in 2050), do lucht saothair (>1.4 billiún in 2050) agus d'fhíorioncam (120 billiún EUR in 2050)."
328,en-ga,"Over the period of 2015-2055, the estimated costs (in NPV) of the preferred combination of options are summarised as follows: - Companies: The combination of options will lead to adjustment costs (€3 bn), administrative costs (€ 109 bn), costs due to benefit payments (€ 27 bn), recruitment costs (€7 bn) and costs due lost production (€144 bn).","Tugtar achoimre anseo thíos ar na costais (i nglanluach láithreach) a mheastar a bhainfeadh leis an teaglaim de roghanna tosaíochta le linn na tréimhse 2015-2055: - Cuideachtaí: costais choigeartaithe (3 bhilliún EUR), costais riaracháin (109 mbilliún EUR), costais mar thoradh ar íocaíochtaí sochar (27 mbilliún EUR), costais earcaíochta (7 mbilliún EUR) agus costais mar thoradh ar tháirgiúlacht chaillte (144 bhilliún EUR)."
329,en-ga,][4: See for instance European Commission (2013) Long term care in ageing societies; Eurofound (2016) The Gender Employment Gap: Challenges and Solutions],][4: Féach mar shampla Cúram fadtéarmach i sochaithe atá ag dul in aois ón gCoimisiún Eorpach (2013); agus ó Eurofound (2016): An Bhearna Fostaíochta idir na hInscní: Dúshláin agus Réitigh]
330,en-ga,In 2015 the gender employment gap (age 20-64) in the EU amounted to 11.6 percentage points (pps).,In 2015 b'ionann an bhearna fostaíochta idir fir agus mná (aois 20-64) agus 11.6 pointe céatadáin (pc).
331,en-ga,N.B.,NB.
332,en-ga,DG: ECFIN,Ard-Stiúrthóireacht: ECFIN
333,en-ga,(j) EUR 1.2 billion for Ukraine.,"(j) EUR 1,2 billiún don Úcráin."
334,en-ga,All final reports of completed ex-post evaluations of MFA operations are published on https://ec.europa.eu/info/evaluation-reports-economic-and-financial-affairs-policies-and-spending-activities_en.,Foilsítear gach tuarascáil deiridh ar mheastóireachtaí críochnaithe ex post faoi oibríochtaí MFA ar https://ec.europa.eu/info/evaluation-reports-economic-and-financial-affairs-policies-and-spending-activities_en.
335,en-ga,"XX 01 02 01 (AC, END, INT from the ‘global envelope') 5.75 0.03 0.03","XX 01 02 01 (AC, END, INT ón ""imchlúdach iomlánaíoch"") 5,75 0,03 0,03"
336,en-ga,SPECIFIC OBJECTIVE No 1…[22: As described in point 1.4.2.,..[22: Mar a thuairiscítear i bpointe 1.4.2.
337,en-ga,- Output Ex-post Evaluation 3 0.450,"- Aschur Meastóireacht ex-post 3 0,450"
338,en-ga,TOTAL 13.25 0.06 0.07,"IOMLÁN 13,25 0,06 0,07"
339,en-ga,Payments (4a) 0.350 0.450 0.800,"Íocaíochtaí (4a) 0,350 0,450 0,800"
340,en-ga,[15: As referred to in Article 54(2)(a) or (b) of the Financial Regulation.],[15: Mar a thagraítear dó in Airteagal 54(2)(a) nó (b) den Rialachán Airgeadais.]
341,en-ga,Payments (2) 270.0 270.0,"Íocaíochtaí (2) 270,0 270,0"
342,en-ga,(c) EUR 150 million for Georgia;,(c) EUR 150 milliún don tSeoirsia;
343,en-ga,Human resources 1.614 - 0.007 0.009 1.630,"Acmhainní daonna 1,614 - 0,007 0,009 1,630"
344,en-ga,DG: ECFIN 2020 2021 2022 2023 TOTAL,Ard-Stiúrthóireacht: ECFIN 2020 2021 2022 2023 IOMLÁN
345,en-ga,Payments 2.204 270.007 0.459 272.670,"Íocaíochtaí 2,204 270,007 0,459 272,670"
346,en-ga,(d) EUR 200 million for the Hashemite Kingdom of Jordan;,(d) EUR 200 milliún do Ríocht Haisimíteach na hIordáine;
347,en-ga,EUR 200 million for the Hashemite Kingdom of Jordan,EUR 200 milliún do Ríocht Haisimíteach na hIordáine
348,en-ga,(i) EUR 600 million for the Republic of Tunisia;,(i) EUR 600 milliún do Phoblacht na Túinéise;
349,en-ga,[14: ABM: activity-based management; ABB: activity-based budgeting.],[14: ABM: bainistíocht de réir gníomhaíochtaí; ABB: buiséadú de réir gníomhaíochtaí.]
350,en-ga,EUR 150 million for Georgia,EUR 150 milliún don tSeoirsia
351,en-ga,4 01 03 02 Macro-financial assistance Diff. NO NO NO NO,4 01 03 02 Cúnamh macrairgeadais LD Líon Líon Líon Líon
352,en-ga,EUR 100 million for the Republic of Moldova,EUR 100 milliún do Phoblacht na Moldóive
353,en-ga,"XX 01 02 02 (AC, AL, END, INT and JED in the delegations)","XX 01 02 02 (AC, AL, END, INT agus JED sna toscaireachtaí)"
354,en-ga,- Output Operational Assessment 5 0.350,"- Aschur Measúnú Oibríochtaí 5 0,350"
355,en-ga,[16: Details of management modes and references to the Financial Regulation may be found on the BudgWeb site: http://www.cc.cec/budg/man/budgmanag/budgmanag_en.html],[16: Is féidir mionsonraí ar na modhanna bainistíochta agus tagairtí don Rialachán Airgeadais a fheiceáil ar shuíomh gréasáin Ard-Stiúrthóireacht an Bhuiséid: http://www.cc.cec/budg/man/budgmanag/budgmanag_en.html]
356,en-ga,on miscellaneous revenue,Comharsanacht an Deiscirt
357,en-ga,"[10: Council Regulation (EC, Euratom) No 2988/95 of 18 December 1995 on the protection of the European Communities financial interests (OJ L 312, 23.12.1995, p.","[10: Rialachán (CE, Euratom) Uimh. 2988/95 ón gComhairle an 18 Nollaig 1995 maidir le leasanna airgeadais na gComhphobal Eorpach a chosaint (IO L 312, 23.12.1995, lch. 1)."
358,en-ga,"XX 01 05 02 (AC, END, INT - Indirect research)","XX 01 05 02 (CA, SNE, INT - Taighde indíreach)"
359,en-ga,Payments =2+4 0.350 270.0 0.450 270.8,"Íocaíochtaí =2+4 0,350 270,0 0,450 270,8"
360,en-ga,(f) EUR 100 million for the Republic of Moldova;,(f) EUR 100 milliún do Phoblacht na Moldóive;
361,en-ga,Budget line 01 03 02 Macro-financial assistance (operational assessment and ex-post evaluation) Commitments (3a) 0.350 0.450 0.800,"Líne bhuiséid 01 03 02 Cúnamh macrairgeadais (measúnú oibríochtaí agus meastóireacht ex-post) Gealltanais (3a) 0,350 0,450 0,800"
362,en-ga,External staff (in Full Time Equivalent unit: FTE)[24: AC= Contract Staff; AL = Local Staff; END= Seconded National Expert; INT = agency staff; JED= Junior Experts in Delegations. ],Foireann sheachtrach (i gcoibhéis lánaimseartha: FTE)[24: AC = Ball foirne ar conradh; AL = Ball foirne áitiúil; END = Saineolaí náisiúnta ar iasacht; INT= Ball foirne gníomhaireachta; JED = Saineolaí sóisearach i dtoscaireacht.
363,en-ga,"[8: Council Regulation (EC, Euratom) No 480/2009 of 25 May 2009 establishing a Guarantee Fund for external actions (OJ L 145, 10.6.2009, p.","[8: Rialachán (CE, Euratom) Uimh. 480/2009 ón gComhairle an 25 Bealtaine 2009 lena mbunaítear Ciste Ráthaíochta do ghníomhaíochtaí seachtracha (IO L 145, 10.6.2009, lch. 10)."
364,en-ga,EUR 600 million for the Republic of Tunisia,EUR 600 milliún do Phoblacht na Túinéise
365,en-ga,EUR 60 million for Montenegro,EUR 60 milliún do Montainéagró
366,en-ga,Other administrative expenditure 0.240 - - - 0.240,"Caiteachas riaracháin eile 0,240 - - - 0,240"
367,en-ga,EN 31 EN,GA 21 GA
368,en-ga,"[4: Council Regulation (EC, Euratom) No 480/2009 of 25 May 2009 establishing a Guarantee Fund for external actions (OJ L 145, 10.6.2009, p. 10). ]","[4: Rialachán (CE, Euratom) Uimh. 480/2009 ón gComhairle an 25 Bealtaine 2009 lena mbunaítear Ciste Ráthaíochta do ghníomhaíochtaí seachtracha (IO L 145, 10.6.2009, lch. 10)."
369,en-ga,"Current estimates point to a remaining financing gap of some EUR 500 million (2.8% of GDP) in 2020, after IMF (up to EUR 330 million, nearly 2% of GDP) and World Bank (about EUR 20 million or 0.1% of GDP) contributions.","De réir na meastachán atá ann faoi láthair, léiríodh go mbeidh bearna mhaoinithe tuairim agus EUR 500 milliún fágtha in 2020 (beagnach 2.8 % de OTI), tar éis ranníocaíochtaí ó CAI (suas le EUR 330 milliún, beagnach 2 % de OTI) agus ón mBanc Domhanda (EUR 20 milliún nó 0.1 % de OTI)."
370,en-ga,under HEADING 4,Airteagal 4
371,en-ga,TOTAL COST 0.350 270.0 0.450 270.8,"COSTAS IOMLÁN 0,350 270,0 0,450 270,8"
372,en-ga,TOTAL DG ECFIN Appropriations 1.854 - 0.007 0.009 1.870,"IOMLÁN AS ECFIN Leithreasuithe 1,854 - 0,007 0,009 1,870"
373,en-ga,https://ec.europa.eu/info/consultations/public-consultation-eu-funds-area-cohesion_en],https://ec.europa.eu/info/consultations/public-consultationeu-fundsarea-cohesion_ga]
374,en-ga,"[16: OJ L 123, 12.5.2016, p.13.]","[16: IO L 123, 12.5.2016, lch. 13.]"
375,en-ga,TOTAL 22 22 22 22 22 22 22,IOMLÁN 22 22 22 22 22 22 22
376,en-ga,"[11: OJ C , , p.","[11: IO C , , lch. .]"
377,en-ga,"[10: OJ C , , p.","[10: IO C , , lch. .]"
378,en-ga,"[14: As set out in ""A Clean Planet for all European strategic long-term vision for a prosperous, modern, competitive and climate neutral economy"", Communication from the Commission to the European Parliament, the European Council, the Council, the European Economic and Social Committee, the Committee of the Regions and the European Investment Bank - COM(2018) 773 final.]","[14: Mar a leagtar amach in ""A Clean Planet for all A European strategic long-term vision for a prosperous, modern, competitive and climate neutral economy"""
379,en-ga,X limited duration,X beart nua
380,en-ga,[20: Details of management modes and references to the Financial Regulation may be found on the BudgWeb site: https://myintracomm.ec.europa.eu/budgweb/EN/man/budgmanag/Pages/budgmanag.aspx ],[20: Is féidir mionsonraí faoi na modhanna bainistíochta agus tagairtí don Rialachán Airgeadais a cheadú ar shuíomh gréasáin ArdStiúrthóireacht an Bhuiséid: https://myintracomm.ec.europa.eu/budgweb/EN/man/budgmanag/Pages/budgmanag.aspx ]
381,en-ga,"External staff (in Full Time Equivalent unit: FTE) - AC, AL, END, INT and JED [26: AC= Contract Staff; AL = Local Staff; END = Seconded National Expert; INT = agency staff; JPD= Junior Professionals in Delegations. ]","Foireann sheachtrach (i gcoibhéis lánaimseartha: FTE) - CA, LA, SNE, INT agus JED [26: CA = Ball Foirne ar Conradh; LA= Ball foirne áitiúil; END = Saineolaí náisiúnta ar iasacht; INT= Ball foirne gníomhaireachta; JPD = Saineolaithe Sóisearacha i dToscaireachtaí."
382,en-ga,EN 18 EN,GA 20 GA
383,en-ga,framework 03.,ilbhliantúil 03.
384,en-ga,"TOTAL 3,300 3,300 3,300 3,300 3,300 3,300 3,300 23,100","IOMLÁN 3,300 3,300 3,300 3,300 3,300 3,300 3,300 23,100"
385,en-ga,across HEADINGS,Ceartúcháin airgeadais
386,en-ga,"[12: COM(2019) 640 final, 11.12.2019.","[12: COM(2019) 640 final, 11.12.2019.][13: COM(2020) 21, 14.1.2020.]"
387,en-ga,[3: COM(2018) 375 - Article 4.],[3: COM(2018) 375 - Airteagal 4.]
388,en-ga,[19: As referred to in Article 58(2)(a) or (b) of the Financial Regulation.],[19: Mar a thagraítear dó in Airteagal 58(2)(a) nó (b) den Rialachán Airgeadais.]
389,en-ga,Subtotal,Táscairí
390,en-ga,XX.XX Just Transition Fund (JTF) Diff NO NO NO NO,XX.XX An Ciste um Aistriú Cóir (CUAC) LD Níl Níl Níl Níl
391,en-ga,"[18: Regulation (EC) No 1059/2003 of the European Parliament and of the Council of 26 May 2003 on the establishment of a common classification of territorial units for statistics (NUTS) (OJ L 154 21.6.2003, p.","[18: Rialachán (CE) Uimh. 1059/2003 ó Pharlaimint na hEorpa agus ón gComhairle an 26 Bealtaine 2003 maidir le haicmiú comhchoiteann aonad críche le haghaidh staidrimh (NUTS) a bhunú (IO L 154, 21.6.2003, lch."
392,en-ga,Headquarters and Commission's Representation Offices 22 22 22 22 22 22 22,Ceanncheathrú agus Oifigí Ionadaíocht an Choimisiúin 22 22 22 22 22 22 22
393,en-ga,unlimited duration,Bunús dlí
394,en-ga,Text field [12000],Réimse téacs [12000]
395,en-ga,Text field [5000],Réimse téacs [5000]
396,en-ga,"(iv) production of peat (weighting 0,95%),","(iv) baint móna (ualú 0,95 %),"
397,en-ga,EN 7 EN,GA 7 GA
398,en-ga,Text field [6000],Réimse téacs [6000]
399,en-ga,Specific objective ID [5] Indicator [255] Measurement unit Milestone (2024) Target (2029),Cuspóir sonrach Aitheantóir [5] Táscaire [255] Aonad tomhais Garsprioc (2024) Sprioc (2029)
400,en-ga,"(v) production of oil shale (weighting 0,05%);","(v) táirgeadh scealla ola (ualú 0,05 %);"
401,en-ga,Table 1.,Tábla 1.
402,en-ga,Reference: Article 8(1),Tagairt: Airteagal 8(1)
403,en-ga,Outputs Results,Sásraí rialachais
404,en-ga,"RCO 200- unemployed, including long-term unemployed, RCO 201 - long-term unemployed, RCO 202 - inactive, RCO 203 - employed, including self-employed, RCO 204 - below 30 years of age, RCO 205 - above 54 years of age, RCO 206 - with lower secondary education or less (ISCED 0-2), RCO 207 - with upper secondary (ISCED 3) or post-secondary education (ISCED 4), RCO 208 - with tertiary education (ISCED 5 to 8), RCO 209 - total number of participants [5: To be calculated automatically on the basis of the common output indicators relating to employment status.]","Nuair a dhéantar sonraí a bhailiú ó chlárlanna, ní gá do na Ballstáit ailíniú a dhéanamh le sainmhínithe arna gcomhaontú go comhpháirteach agus féadfaidh siad sainmhínithe náisiúnta a úsáid.] RCO 200 - daoine dífhostaithe, lena n-áirítear daoine atá dífhostaithe go fadtéarmach, RCO 201 - daoine atá dífhostaithe go fadtéarmach, RCO 202 - daoine neamhghníomhacha, RCO 203 - daoine fostaithe, lena n-áirítear daoine féinfhostaithe, RCO 204 - daoine faoi bhun 30 bliain d'aois, RCO 205 - daoine os cionn 54 bliana d'aois, RCO 206 - daoine a bhfuil oideachas meánscoile íochtaraí nó níos lú ná sin (ISCED 0-2) acu, RCO 207 - daoine a bhfuil oideachas meánscoile uachtaraí (ISCED 3) nó oideachas iar-mheánscoile (ISCED 4) acu, RCO 208 - daoine a bhfuil oideachas treasach (ISCED 5 nó 8) acu, RCO 209 - líon iomlán na rannpháirtithe [5: Le ríomh go huathoibríoch ar bhonn na gcomhtháscairí aschuir a bhaineann leis an stádas fostaíochta.] i gcás rannpháirtithe: [6: Déanfar na sonraí pearsanta ar fad a mhiondealú de réir inscne."
405,en-ga,Table 2.,Tábla 2.
406,en-ga,RCR 05 - SMEs innovating in-house,RCR 05 - FBManna atá i mbun nuálaíocht inmheánach
407,en-ga,][4: All personal data are to be broken down by gender (male/female - non-binary).,][4: Déanfar na sonraí pearsanta ar fad a mhiondealú de réir inscne (fireann/baineann - neamh-dhénártha).
408,en-ga,Specific objective ID [5] Indicator [255] Measurement unit Baseline or reference value Reference year Target (2029) Source of data [200] Comments [200],Cuspóir sonrach Aitheantóir [5] Táscaire [255] Aonad tomhais Bonnlíne nó luach tagartha Bliain tagartha Sprioc (2029) Foinse na sonraí [200] Barúlacha [200]
409,en-ga,ANNEX III,IARSCRÍBHINN III
410,en-ga,"RCO 101 - SMEs investing in skills development RCR 97 - Apprenticeships supported in SMEs RCR 98 - SMEs staff completing Continuing Vocational Education and Training (CVET) (by type of skill: technical, management, entrepreneurship, green, other)","RCO 101 - FBManna a infheistíonn i bhforbairt scileanna RCR 97 - Printíseachtaí dá dtugtar tacaíocht in FBManna RCR 98 - Foireann FBManna a chuireann Gairmoiliúint agus Gairmoideachas Leanúnach i gcrích (de réir an chineáil scile: scil theicniúil, bhainistíochta, fiontraíochta, ghlas, eile)"
411,en-ga,"(ii) employment in mining of coal and lignite (weighting 25%),","(ii) an fhostaíocht i mianadóireacht ghuail agus ligníte (ualú 25 %),"
412,en-ga,RCR 47 - Waste recycled,RCR 47 - Dramhaíl arna hathchúrsáil
